QID57_1,QID57_2,QID57_3,QID58_1,QID58_2,QID58_3,QID59_1,QID59_2,QID59_3,QID60_1,QID60_2,QID60_3,QID61_1,QID61_2,QID61_3,QID62_1,QID62_2,QID62_3,QID63_1,QID63_2,QID63_3,QID64_1,QID64_2,QID64_3,QID65_1,QID65_2,QID65_3,QID66_1,QID66_2,QID66_3,QID67_1,QID67_2,QID67_3,QID68_1,QID68_2,QID68_3,QID69_1,QID69_2,QID69_3,QID70_1,QID70_2,QID70_3,QID71_1,QID71_2,QID71_3,QID72_1,QID72_2,QID72_3,QID73_1,QID73_2,QID73_3,QID74_1,QID74_2,QID74_3,QID75_1,QID75_2,QID75_3,QID76_1,QID76_2,QID76_3,Attention Check 1_1,Attention Check 1_2,Attention Check 1_3,QID77_1,QID77_2,QID77_3,QID78_1,QID78_2,QID78_3,QID79_1,QID79_2,QID79_3,QID80_1,QID80_2,QID80_3,QID81_1,QID81_2,QID81_3,QID82_1,QID82_2,QID82_3,QID83_1,QID83_2,QID83_3,QID84_1,QID84_2,QID84_3,QID85_1,QID85_2,QID85_3,QID86_1,QID86_2,QID86_3,QID87_1,QID87_2,QID87_3,QID88_1,QID88_2,QID88_3,QID89_1,QID89_2,QID89_3,QID90_1,QID90_2,QID90_3,QID91_1,QID91_2,QID91_3,QID92_1,QID92_2,QID92_3,QID93_1,QID93_2,QID93_3,QID94_1,QID94_2,QID94_3,Attention Check 2_1,Attention Check 2_2,Attention Check 2_3,PROLIFIC_PID
"Please rank the following images based on their level of combinatorial creativity.Combinatorial creativity refers to the process of generating new and innovative ideas by combining existing elements in different ways.



Consider both the novelty of the image and its effectiveness in conveying the interpretation.



You can adjust the order of the images by moving them up or down to reflect your ranking. Note: if you don't want to change the order, simply click any of the images to indicate your response.



Interpretation: When you cause an accident by not wearing a seatbelt, the surgery to mend your bones is far more complex than the simple act of buckling up in the first place. - <img src=""https://bnupsych.au1.qualtrics.com/ControlPanel/Graphic.php?IM=IM_h12IQR83ariOzv2"" width=""300"">","Please rank the following images based on their level of combinatorial creativity.Combinatorial creativity refers to the process of generating new and innovative ideas by combining existing elements in different ways.



Consider both the novelty of the image and its effectiveness in conveying the interpretation.



You can adjust the order of the images by moving them up or down to reflect your ranking. Note: if you don't want to change the order, simply click any of the images to indicate your response.



Interpretation: When you cause an accident by not wearing a seatbelt, the surgery to mend your bones is far more complex than the simple act of buckling up in the first place. - <img src=""https://bnupsych.au1.qualtrics.com/ControlPanel/Graphic.php?IM=IM_ZYGCYGtyEdkoiWu"" width=""300"">","Please rank the following images based on their level of combinatorial creativity.Combinatorial creativity refers to the process of generating new and innovative ideas by combining existing elements in different ways.



Consider both the novelty of the image and its effectiveness in conveying the interpretation.



You can adjust the order of the images by moving them up or down to reflect your ranking. Note: if you don't want to change the order, simply click any of the images to indicate your response.



Interpretation: When you cause an accident by not wearing a seatbelt, the surgery to mend your bones is far more complex than the simple act of buckling up in the first place. - <img src=""https://bnupsych.au1.qualtrics.com/ControlPanel/Graphic.php?IM=IM_tyYeILplI6g0XbI"" width=""300"">","Please rank the following images based on their level of combinatorial creativity.Combinatorial creativity refers to the process of generating new and innovative ideas by combining existing elements in different ways.



Consider both the novelty of the image and its effectiveness in conveying the interpretation.



You can adjust the order of the images by moving them up or down to reflect your ranking. Note: if you don't want to change the order, simply click any of the images to indicate your response.



Interpretation: Books are to a person what sails are to a captain; the more you read as you grow, the better prepared you are to set sail when opportunity arises. - <img src=""https://bnupsych.au1.qualtrics.com/ControlPanel/Graphic.php?IM=IM_9EIVNIDF0RONbfd"" width=""300"">","Please rank the following images based on their level of combinatorial creativity.Combinatorial creativity refers to the process of generating new and innovative ideas by combining existing elements in different ways.



Consider both the novelty of the image and its effectiveness in conveying the interpretation.



You can adjust the order of the images by moving them up or down to reflect your ranking. Note: if you don't want to change the order, simply click any of the images to indicate your response.



Interpretation: Books are to a person what sails are to a captain; the more you read as you grow, the better prepared you are to set sail when opportunity arises. - <img src=""https://bnupsych.au1.qualtrics.com/ControlPanel/Graphic.php?IM=IM_ASGvHYZsRolSjNp"" width=""300"">","Please rank the following images based on their level of combinatorial creativity.Combinatorial creativity refers to the process of generating new and innovative ideas by combining existing elements in different ways.



Consider both the novelty of the image and its effectiveness in conveying the interpretation.



You can adjust the order of the images by moving them up or down to reflect your ranking. Note: if you don't want to change the order, simply click any of the images to indicate your response.



Interpretation: Books are to a person what sails are to a captain; the more you read as you grow, the better prepared you are to set sail when opportunity arises. - <img src=""https://bnupsych.au1.qualtrics.com/ControlPanel/Graphic.php?IM=IM_QjRyV58IueeiG9E"" width=""300"">","Please rank the following images based on their level of combinatorial creativity.Combinatorial creativity refers to the process of generating new and innovative ideas by combining existing elements in different ways.



Consider both the novelty of the image and its effectiveness in conveying the interpretation.



You can adjust the order of the images by moving them up or down to reflect your ranking. Note: if you don't want to change the order, simply click any of the images to indicate your response.



Interpretation: Fast food is as harmful and additive as cigarettes; excessive consumption can significantly impact your health, slowly eroding well-being with each bite. - <img src=""https://bnupsych.au1.qualtrics.com/ControlPanel/Graphic.php?IM=IM_bN0uWO4729iiU5T"" width=""300"">","Please rank the following images based on their level of combinatorial creativity.Combinatorial creativity refers to the process of generating new and innovative ideas by combining existing elements in different ways.



Consider both the novelty of the image and its effectiveness in conveying the interpretation.



You can adjust the order of the images by moving them up or down to reflect your ranking. Note: if you don't want to change the order, simply click any of the images to indicate your response.



Interpretation: Fast food is as harmful and additive as cigarettes; excessive consumption can significantly impact your health, slowly eroding well-being with each bite. - <img src=""https://bnupsych.au1.qualtrics.com/ControlPanel/Graphic.php?IM=IM_cNCuZFyP0HwvADZ"" width=""300"">","Please rank the following images based on their level of combinatorial creativity.Combinatorial creativity refers to the process of generating new and innovative ideas by combining existing elements in different ways.



Consider both the novelty of the image and its effectiveness in conveying the interpretation.



You can adjust the order of the images by moving them up or down to reflect your ranking. Note: if you don't want to change the order, simply click any of the images to indicate your response.



Interpretation: Fast food is as harmful and additive as cigarettes; excessive consumption can significantly impact your health, slowly eroding well-being with each bite. - <img src=""https://bnupsych.au1.qualtrics.com/ControlPanel/Graphic.php?IM=IM_w1RHYiekCtcWdoQ"" width=""300"">","Please rank the following images based on their level of combinatorial creativity.Combinatorial creativity refers to the process of generating new and innovative ideas by combining existing elements in different ways.



Consider both the novelty of the image and its effectiveness in conveying the interpretation.



You can adjust the order of the images by moving them up or down to reflect your ranking. Note: if you don't want to change the order, simply click any of the images to indicate your response.



Interpretation: Being an American in current times feels like serving prison time. Working all through life without any time to do things they enjoy. - <img src=""https://bnupsych.au1.qualtrics.com/ControlPanel/Graphic.php?IM=IM_vLnC2bPP5Ak8Gtn"" width=""300"">","Please rank the following images based on their level of combinatorial creativity.Combinatorial creativity refers to the process of generating new and innovative ideas by combining existing elements in different ways.



Consider both the novelty of the image and its effectiveness in conveying the interpretation.



You can adjust the order of the images by moving them up or down to reflect your ranking. Note: if you don't want to change the order, simply click any of the images to indicate your response.



Interpretation: Being an American in current times feels like serving prison time. Working all through life without any time to do things they enjoy. - <img src=""https://bnupsych.au1.qualtrics.com/ControlPanel/Graphic.php?IM=IM_QuMv916rGUi4d5e"" width=""300"">","Please rank the following images based on their level of combinatorial creativity.Combinatorial creativity refers to the process of generating new and innovative ideas by combining existing elements in different ways.



Consider both the novelty of the image and its effectiveness in conveying the interpretation.



You can adjust the order of the images by moving them up or down to reflect your ranking. Note: if you don't want to change the order, simply click any of the images to indicate your response.



Interpretation: Being an American in current times feels like serving prison time. Working all through life without any time to do things they enjoy. - <img src=""https://bnupsych.au1.qualtrics.com/ControlPanel/Graphic.php?IM=IM_9txFgoLtChC1QYJ"" width=""300"">","Please rank the following images based on their level of combinatorial creativity.Combinatorial creativity refers to the process of generating new and innovative ideas by combining existing elements in different ways.



Consider both the novelty of the image and its effectiveness in conveying the interpretation.



You can adjust the order of the images by moving them up or down to reflect your ranking. Note: if you don't want to change the order, simply click any of the images to indicate your response.



Interpretation: The chili is so fiery that it feels like a fire extinguisher is needed to cool its blaze. - <img src=""https://bnupsych.au1.qualtrics.com/ControlPanel/Graphic.php?IM=IM_lqhdU1Y7YBJ7OI5"" width=""300"">","Please rank the following images based on their level of combinatorial creativity.Combinatorial creativity refers to the process of generating new and innovative ideas by combining existing elements in different ways.



Consider both the novelty of the image and its effectiveness in conveying the interpretation.



You can adjust the order of the images by moving them up or down to reflect your ranking. Note: if you don't want to change the order, simply click any of the images to indicate your response.



Interpretation: The chili is so fiery that it feels like a fire extinguisher is needed to cool its blaze. - <img src=""https://bnupsych.au1.qualtrics.com/ControlPanel/Graphic.php?IM=IM_T2kBvc1eq3qYkJv"" width=""300"">","Please rank the following images based on their level of combinatorial creativity.Combinatorial creativity refers to the process of generating new and innovative ideas by combining existing elements in different ways.



Consider both the novelty of the image and its effectiveness in conveying the interpretation.



You can adjust the order of the images by moving them up or down to reflect your ranking. Note: if you don't want to change the order, simply click any of the images to indicate your response.



Interpretation: The chili is so fiery that it feels like a fire extinguisher is needed to cool its blaze. - <img src=""https://bnupsych.au1.qualtrics.com/ControlPanel/Graphic.php?IM=IM_4AglEXX9IAASXeN"" width=""300"">","Please rank the following images based on their level of combinatorial creativity.Combinatorial creativity refers to the process of generating new and innovative ideas by combining existing elements in different ways.



Consider both the novelty of the image and its effectiveness in conveying the interpretation.



You can adjust the order of the images by moving them up or down to reflect your ranking. Note: if you don't want to change the order, simply click any of the images to indicate your response.



Interpretation: Lays potato chips are crafted from the most natural, wholesome ingredients, capturing the essence of simplicity in every crisp bite. - <img src=""https://bnupsych.au1.qualtrics.com/ControlPanel/Graphic.php?IM=IM_PFu4Ls6Gwrk7q9b"" width=""300"">","Please rank the following images based on their level of combinatorial creativity.Combinatorial creativity refers to the process of generating new and innovative ideas by combining existing elements in different ways.



Consider both the novelty of the image and its effectiveness in conveying the interpretation.



You can adjust the order of the images by moving them up or down to reflect your ranking. Note: if you don't want to change the order, simply click any of the images to indicate your response.



Interpretation: Lays potato chips are crafted from the most natural, wholesome ingredients, capturing the essence of simplicity in every crisp bite. - <img src=""https://bnupsych.au1.qualtrics.com/ControlPanel/Graphic.php?IM=IM_2FvLtYLVg1p72jR"" width=""300"">","Please rank the following images based on their level of combinatorial creativity.Combinatorial creativity refers to the process of generating new and innovative ideas by combining existing elements in different ways.



Consider both the novelty of the image and its effectiveness in conveying the interpretation.



You can adjust the order of the images by moving them up or down to reflect your ranking. Note: if you don't want to change the order, simply click any of the images to indicate your response.



Interpretation: Lays potato chips are crafted from the most natural, wholesome ingredients, capturing the essence of simplicity in every crisp bite. - <img src=""https://bnupsych.au1.qualtrics.com/ControlPanel/Graphic.php?IM=IM_c4PLPpTXlIggBm0"" width=""300"">","Please rank the following images based on their level of combinatorial creativity.Combinatorial creativity refers to the process of generating new and innovative ideas by combining existing elements in different ways.



Consider both the novelty of the image and its effectiveness in conveying the interpretation.



You can adjust the order of the images by moving them up or down to reflect your ranking. Note: if you don't want to change the order, simply click any of the images to indicate your response.



Interpretation: Smoking addiction will make you struggle deeply; your health, like ash, slowly dissipates with each puff, vanishing into the air. - <img src=""https://bnupsych.au1.qualtrics.com/ControlPanel/Graphic.php?IM=IM_caLAhlYke1VXkdy"" width=""300"">","Please rank the following images based on their level of combinatorial creativity.Combinatorial creativity refers to the process of generating new and innovative ideas by combining existing elements in different ways.



Consider both the novelty of the image and its effectiveness in conveying the interpretation.



You can adjust the order of the images by moving them up or down to reflect your ranking. Note: if you don't want to change the order, simply click any of the images to indicate your response.



Interpretation: Smoking addiction will make you struggle deeply; your health, like ash, slowly dissipates with each puff, vanishing into the air. - <img src=""https://bnupsych.au1.qualtrics.com/ControlPanel/Graphic.php?IM=IM_k17KU93ZGA9h7G9"" width=""300"">","Please rank the following images based on their level of combinatorial creativity.Combinatorial creativity refers to the process of generating new and innovative ideas by combining existing elements in different ways.



Consider both the novelty of the image and its effectiveness in conveying the interpretation.



You can adjust the order of the images by moving them up or down to reflect your ranking. Note: if you don't want to change the order, simply click any of the images to indicate your response.



Interpretation: Smoking addiction will make you struggle deeply; your health, like ash, slowly dissipates with each puff, vanishing into the air. - <img src=""https://bnupsych.au1.qualtrics.com/ControlPanel/Graphic.php?IM=IM_DJVGE0a1Cvsq8I4"" width=""300"">","Please rank the following images based on their level of combinatorial creativity.Combinatorial creativity refers to the process of generating new and innovative ideas by combining existing elements in different ways.



Consider both the novelty of the image and its effectiveness in conveying the interpretation.



You can adjust the order of the images by moving them up or down to reflect your ranking. Note: if you don't want to change the order, simply click any of the images to indicate your response.



Interpretation: In the vast ocean of data, smartphones play an increasingly vital role. When used wisely, they allow you to surf through the digital age with ease and confidence. - <img src=""https://bnupsych.au1.qualtrics.com/ControlPanel/Graphic.php?IM=IM_QkB8HUaN8KaqRPR"" width=""300"">","Please rank the following images based on their level of combinatorial creativity.Combinatorial creativity refers to the process of generating new and innovative ideas by combining existing elements in different ways.



Consider both the novelty of the image and its effectiveness in conveying the interpretation.



You can adjust the order of the images by moving them up or down to reflect your ranking. Note: if you don't want to change the order, simply click any of the images to indicate your response.



Interpretation: In the vast ocean of data, smartphones play an increasingly vital role. When used wisely, they allow you to surf through the digital age with ease and confidence. - <img src=""https://bnupsych.au1.qualtrics.com/ControlPanel/Graphic.php?IM=IM_fc4tc3no9PGAOOY"" width=""300"">","Please rank the following images based on their level of combinatorial creativity.Combinatorial creativity refers to the process of generating new and innovative ideas by combining existing elements in different ways.



Consider both the novelty of the image and its effectiveness in conveying the interpretation.



You can adjust the order of the images by moving them up or down to reflect your ranking. Note: if you don't want to change the order, simply click any of the images to indicate your response.



Interpretation: In the vast ocean of data, smartphones play an increasingly vital role. When used wisely, they allow you to surf through the digital age with ease and confidence. - <img src=""https://bnupsych.au1.qualtrics.com/ControlPanel/Graphic.php?IM=IM_K701Lz7HReXkgVt"" width=""300"">","Please rank the following images based on their level of combinatorial creativity.Combinatorial creativity refers to the process of generating new and innovative ideas by combining existing elements in different ways.



Consider both the novelty of the image and its effectiveness in conveying the interpretation.



You can adjust the order of the images by moving them up or down to reflect your ranking. Note: if you don't want to change the order, simply click any of the images to indicate your response.



Interpretation: An energy drink is like a battery, recharging your body and spirit when fatigue begins to weigh you down. - <img src=""https://bnupsych.au1.qualtrics.com/ControlPanel/Graphic.php?IM=IM_Ro5ETwPp6i0BHrF"" width=""300"">","Please rank the following images based on their level of combinatorial creativity.Combinatorial creativity refers to the process of generating new and innovative ideas by combining existing elements in different ways.



Consider both the novelty of the image and its effectiveness in conveying the interpretation.



You can adjust the order of the images by moving them up or down to reflect your ranking. Note: if you don't want to change the order, simply click any of the images to indicate your response.



Interpretation: An energy drink is like a battery, recharging your body and spirit when fatigue begins to weigh you down. - <img src=""https://bnupsych.au1.qualtrics.com/ControlPanel/Graphic.php?IM=IM_qKHSOwPf4DK5Sn6"" width=""300"">","Please rank the following images based on their level of combinatorial creativity.Combinatorial creativity refers to the process of generating new and innovative ideas by combining existing elements in different ways.



Consider both the novelty of the image and its effectiveness in conveying the interpretation.



You can adjust the order of the images by moving them up or down to reflect your ranking. Note: if you don't want to change the order, simply click any of the images to indicate your response.



Interpretation: An energy drink is like a battery, recharging your body and spirit when fatigue begins to weigh you down. - <img src=""https://bnupsych.au1.qualtrics.com/ControlPanel/Graphic.php?IM=IM_obp3E3xxZdM593H"" width=""300"">","Please rank the following images based on their level of combinatorial creativity.Combinatorial creativity refers to the process of generating new and innovative ideas by combining existing elements in different ways.



Consider both the novelty of the image and its effectiveness in conveying the interpretation.



You can adjust the order of the images by moving them up or down to reflect your ranking. Note: if you don't want to change the order, simply click any of the images to indicate your response.



Interpretation: Human-made waste gradually robs animals of their homes, and in time, it will strip humanity of its own shelter, leaving us all adrift in a desolate world. - <img src=""https://bnupsych.au1.qualtrics.com/ControlPanel/Graphic.php?IM=IM_kuptA3OIxES9X4S"" width=""300"">","Please rank the following images based on their level of combinatorial creativity.Combinatorial creativity refers to the process of generating new and innovative ideas by combining existing elements in different ways.



Consider both the novelty of the image and its effectiveness in conveying the interpretation.



You can adjust the order of the images by moving them up or down to reflect your ranking. Note: if you don't want to change the order, simply click any of the images to indicate your response.



Interpretation: Human-made waste gradually robs animals of their homes, and in time, it will strip humanity of its own shelter, leaving us all adrift in a desolate world. - <img src=""https://bnupsych.au1.qualtrics.com/ControlPanel/Graphic.php?IM=IM_p7hPbYpFMjxvGEK"" width=""300"">","Please rank the following images based on their level of combinatorial creativity.Combinatorial creativity refers to the process of generating new and innovative ideas by combining existing elements in different ways.



Consider both the novelty of the image and its effectiveness in conveying the interpretation.



You can adjust the order of the images by moving them up or down to reflect your ranking. Note: if you don't want to change the order, simply click any of the images to indicate your response.



Interpretation: Human-made waste gradually robs animals of their homes, and in time, it will strip humanity of its own shelter, leaving us all adrift in a desolate world. - <img src=""https://bnupsych.au1.qualtrics.com/ControlPanel/Graphic.php?IM=IM_otb8B6Z334AAaNa"" width=""300"">","Please rank the following images based on their level of combinatorial creativity.Combinatorial creativity refers to the process of generating new and innovative ideas by combining existing elements in different ways.



Consider both the novelty of the image and its effectiveness in conveying the interpretation.



You can adjust the order of the images by moving them up or down to reflect your ranking. Note: if you don't want to change the order, simply click any of the images to indicate your response.



Interpretation: A stopwatch with the Earth as its face, symbolizing the urgency and finite time we have to tackle pressing global challenges like climate change and political turmoil. - <img src=""https://bnupsych.au1.qualtrics.com/ControlPanel/Graphic.php?IM=IM_HbD5VO8j60Z1nEv"" width=""300"">","Please rank the following images based on their level of combinatorial creativity.Combinatorial creativity refers to the process of generating new and innovative ideas by combining existing elements in different ways.



Consider both the novelty of the image and its effectiveness in conveying the interpretation.



You can adjust the order of the images by moving them up or down to reflect your ranking. Note: if you don't want to change the order, simply click any of the images to indicate your response.



Interpretation: A stopwatch with the Earth as its face, symbolizing the urgency and finite time we have to tackle pressing global challenges like climate change and political turmoil. - <img src=""https://bnupsych.au1.qualtrics.com/ControlPanel/Graphic.php?IM=IM_KPlTna4aGTAqXBS"" width=""300"">","Please rank the following images based on their level of combinatorial creativity.Combinatorial creativity refers to the process of generating new and innovative ideas by combining existing elements in different ways.



Consider both the novelty of the image and its effectiveness in conveying the interpretation.



You can adjust the order of the images by moving them up or down to reflect your ranking. Note: if you don't want to change the order, simply click any of the images to indicate your response.



Interpretation: A stopwatch with the Earth as its face, symbolizing the urgency and finite time we have to tackle pressing global challenges like climate change and political turmoil. - <img src=""https://bnupsych.au1.qualtrics.com/ControlPanel/Graphic.php?IM=IM_JyM049gNlUUpVhc"" width=""300"">","Please rank the following images based on their level of combinatorial creativity.Combinatorial creativity refers to the process of generating new and innovative ideas by combining existing elements in different ways.



Consider both the novelty of the image and its effectiveness in conveying the interpretation.



You can adjust the order of the images by moving them up or down to reflect your ranking. Note: if you don't want to change the order, simply click any of the images to indicate your response.



Interpretation: Excessive plastic use tightens its grip on marine life's throat, while gradually suffocating humanity's own habitat, leaving us gasping for survival in a world we've polluted. - <img src=""https://bnupsych.au1.qualtrics.com/ControlPanel/Graphic.php?IM=IM_vFSwUFeRdpHtYyj"" width=""300"">","Please rank the following images based on their level of combinatorial creativity.Combinatorial creativity refers to the process of generating new and innovative ideas by combining existing elements in different ways.



Consider both the novelty of the image and its effectiveness in conveying the interpretation.



You can adjust the order of the images by moving them up or down to reflect your ranking. Note: if you don't want to change the order, simply click any of the images to indicate your response.



Interpretation: Excessive plastic use tightens its grip on marine life's throat, while gradually suffocating humanity's own habitat, leaving us gasping for survival in a world we've polluted. - <img src=""https://bnupsych.au1.qualtrics.com/ControlPanel/Graphic.php?IM=IM_l8YZAYJR5k0vjoW"" width=""300"">","Please rank the following images based on their level of combinatorial creativity.Combinatorial creativity refers to the process of generating new and innovative ideas by combining existing elements in different ways.



Consider both the novelty of the image and its effectiveness in conveying the interpretation.



You can adjust the order of the images by moving them up or down to reflect your ranking. Note: if you don't want to change the order, simply click any of the images to indicate your response.



Interpretation: Excessive plastic use tightens its grip on marine life's throat, while gradually suffocating humanity's own habitat, leaving us gasping for survival in a world we've polluted. - <img src=""https://bnupsych.au1.qualtrics.com/ControlPanel/Graphic.php?IM=IM_c7xu84VhTVXej5z"" width=""300"">","Please rank the following images based on their level of combinatorial creativity.Combinatorial creativity refers to the process of generating new and innovative ideas by combining existing elements in different ways.



Consider both the novelty of the image and its effectiveness in conveying the interpretation.



You can adjust the order of the images by moving them up or down to reflect your ranking. Note: if you don't want to change the order, simply click any of the images to indicate your response.



Interpretation: Human actions are steadily causing glaciers to melt, gradually shrinking the habitat of penguins, and slowly bringing about their demise. - <img src=""https://bnupsych.au1.qualtrics.com/ControlPanel/Graphic.php?IM=IM_RyDGs4wkbT9vEiU"" width=""300"">","Please rank the following images based on their level of combinatorial creativity.Combinatorial creativity refers to the process of generating new and innovative ideas by combining existing elements in different ways.



Consider both the novelty of the image and its effectiveness in conveying the interpretation.



You can adjust the order of the images by moving them up or down to reflect your ranking. Note: if you don't want to change the order, simply click any of the images to indicate your response.



Interpretation: Human actions are steadily causing glaciers to melt, gradually shrinking the habitat of penguins, and slowly bringing about their demise. - <img src=""https://bnupsych.au1.qualtrics.com/ControlPanel/Graphic.php?IM=IM_Dklu87E1XCvSdDC"" width=""300"">","Please rank the following images based on their level of combinatorial creativity.Combinatorial creativity refers to the process of generating new and innovative ideas by combining existing elements in different ways.



Consider both the novelty of the image and its effectiveness in conveying the interpretation.



You can adjust the order of the images by moving them up or down to reflect your ranking. Note: if you don't want to change the order, simply click any of the images to indicate your response.



Interpretation: Human actions are steadily causing glaciers to melt, gradually shrinking the habitat of penguins, and slowly bringing about their demise. - <img src=""https://bnupsych.au1.qualtrics.com/ControlPanel/Graphic.php?IM=IM_WLsp40wwBqOJO62"" width=""300"">","Please rank the following images based on their level of combinatorial creativity.Combinatorial creativity refers to the process of generating new and innovative ideas by combining existing elements in different ways.



Consider both the novelty of the image and its effectiveness in conveying the interpretation.



You can adjust the order of the images by moving them up or down to reflect your ranking. Note: if you don't want to change the order, simply click any of the images to indicate your response.



Interpretation: Marine life is shackled by plastic waste, a symbol of the devastating impact plastic pollution has on the ocean's delicate ecosystem. - <img src=""https://bnupsych.au1.qualtrics.com/ControlPanel/Graphic.php?IM=IM_4ewNMJw9xs1bNcc"" width=""300"">","Please rank the following images based on their level of combinatorial creativity.Combinatorial creativity refers to the process of generating new and innovative ideas by combining existing elements in different ways.



Consider both the novelty of the image and its effectiveness in conveying the interpretation.



You can adjust the order of the images by moving them up or down to reflect your ranking. Note: if you don't want to change the order, simply click any of the images to indicate your response.



Interpretation: Marine life is shackled by plastic waste, a symbol of the devastating impact plastic pollution has on the ocean's delicate ecosystem. - <img src=""https://bnupsych.au1.qualtrics.com/ControlPanel/Graphic.php?IM=IM_7I5RcEU41AJf33L"" width=""300"">","Please rank the following images based on their level of combinatorial creativity.Combinatorial creativity refers to the process of generating new and innovative ideas by combining existing elements in different ways.



Consider both the novelty of the image and its effectiveness in conveying the interpretation.



You can adjust the order of the images by moving them up or down to reflect your ranking. Note: if you don't want to change the order, simply click any of the images to indicate your response.



Interpretation: Marine life is shackled by plastic waste, a symbol of the devastating impact plastic pollution has on the ocean's delicate ecosystem. - <img src=""https://bnupsych.au1.qualtrics.com/ControlPanel/Graphic.php?IM=IM_FeurhChkf2qg1aE"" width=""300"">","Please rank the following images based on their level of combinatorial creativity.Combinatorial creativity refers to the process of generating new and innovative ideas by combining existing elements in different ways.



Consider both the novelty of the image and its effectiveness in conveying the interpretation.



You can adjust the order of the images by moving them up or down to reflect your ranking. Note: if you don't want to change the order, simply click any of the images to indicate your response.



Interpretation: The poor have their mouths sealed by money. When you lack wealth, you also lose the right to freely speak your mind. - <img src=""https://bnupsych.au1.qualtrics.com/ControlPanel/Graphic.php?IM=IM_aHIuImNz4UgPSxX"" width=""300"">","Please rank the following images based on their level of combinatorial creativity.Combinatorial creativity refers to the process of generating new and innovative ideas by combining existing elements in different ways.



Consider both the novelty of the image and its effectiveness in conveying the interpretation.



You can adjust the order of the images by moving them up or down to reflect your ranking. Note: if you don't want to change the order, simply click any of the images to indicate your response.



Interpretation: The poor have their mouths sealed by money. When you lack wealth, you also lose the right to freely speak your mind. - <img src=""https://bnupsych.au1.qualtrics.com/ControlPanel/Graphic.php?IM=IM_n9IaVPp2iaI3t7Z"" width=""300"">","Please rank the following images based on their level of combinatorial creativity.Combinatorial creativity refers to the process of generating new and innovative ideas by combining existing elements in different ways.



Consider both the novelty of the image and its effectiveness in conveying the interpretation.



You can adjust the order of the images by moving them up or down to reflect your ranking. Note: if you don't want to change the order, simply click any of the images to indicate your response.



Interpretation: The poor have their mouths sealed by money. When you lack wealth, you also lose the right to freely speak your mind. - <img src=""https://bnupsych.au1.qualtrics.com/ControlPanel/Graphic.php?IM=IM_EcFTRpbqjBHfnV2"" width=""300"">","Please rank the following images based on their level of combinatorial creativity.Combinatorial creativity refers to the process of generating new and innovative ideas by combining existing elements in different ways.



Consider both the novelty of the image and its effectiveness in conveying the interpretation.



You can adjust the order of the images by moving them up or down to reflect your ranking. Note: if you don't want to change the order, simply click any of the images to indicate your response.



Interpretation: The exaggerated words you speak and the promises you make are like shackles and chains, becoming your burden to bear. - <img src=""https://bnupsych.au1.qualtrics.com/ControlPanel/Graphic.php?IM=IM_OGMTrIUD4jsK8pP"" width=""300"">","Please rank the following images based on their level of combinatorial creativity.Combinatorial creativity refers to the process of generating new and innovative ideas by combining existing elements in different ways.



Consider both the novelty of the image and its effectiveness in conveying the interpretation.



You can adjust the order of the images by moving them up or down to reflect your ranking. Note: if you don't want to change the order, simply click any of the images to indicate your response.



Interpretation: The exaggerated words you speak and the promises you make are like shackles and chains, becoming your burden to bear. - <img src=""https://bnupsych.au1.qualtrics.com/ControlPanel/Graphic.php?IM=IM_X0Zv592eFk85BXG"" width=""300"">","Please rank the following images based on their level of combinatorial creativity.Combinatorial creativity refers to the process of generating new and innovative ideas by combining existing elements in different ways.



Consider both the novelty of the image and its effectiveness in conveying the interpretation.



You can adjust the order of the images by moving them up or down to reflect your ranking. Note: if you don't want to change the order, simply click any of the images to indicate your response.



Interpretation: The exaggerated words you speak and the promises you make are like shackles and chains, becoming your burden to bear. - <img src=""https://bnupsych.au1.qualtrics.com/ControlPanel/Graphic.php?IM=IM_0S8ONdwXeuKyBnu"" width=""300"">","Please rank the following images based on their level of combinatorial creativity.Combinatorial creativity refers to the process of generating new and innovative ideas by combining existing elements in different ways.



Consider both the novelty of the image and its effectiveness in conveying the interpretation.



You can adjust the order of the images by moving them up or down to reflect your ranking. Note: if you don't want to change the order, simply click any of the images to indicate your response.



Interpretation: Reason is powerless when confronted with brute force, like a scholar's pencil against a soldier's bullet. - <img src=""https://bnupsych.au1.qualtrics.com/ControlPanel/Graphic.php?IM=IM_utWZDA3WvT0RmE6"" width=""300"">","Please rank the following images based on their level of combinatorial creativity.Combinatorial creativity refers to the process of generating new and innovative ideas by combining existing elements in different ways.



Consider both the novelty of the image and its effectiveness in conveying the interpretation.



You can adjust the order of the images by moving them up or down to reflect your ranking. Note: if you don't want to change the order, simply click any of the images to indicate your response.



Interpretation: Reason is powerless when confronted with brute force, like a scholar's pencil against a soldier's bullet. - <img src=""https://bnupsych.au1.qualtrics.com/ControlPanel/Graphic.php?IM=IM_JANiw31x9T3M4gM"" width=""300"">","Please rank the following images based on their level of combinatorial creativity.Combinatorial creativity refers to the process of generating new and innovative ideas by combining existing elements in different ways.



Consider both the novelty of the image and its effectiveness in conveying the interpretation.



You can adjust the order of the images by moving them up or down to reflect your ranking. Note: if you don't want to change the order, simply click any of the images to indicate your response.



Interpretation: Reason is powerless when confronted with brute force, like a scholar's pencil against a soldier's bullet. - <img src=""https://bnupsych.au1.qualtrics.com/ControlPanel/Graphic.php?IM=IM_UdUKrcmw6v0OdCK"" width=""300"">","Please rank the following images based on their level of combinatorial creativity.Combinatorial creativity refers to the process of generating new and innovative ideas by combining existing elements in different ways.



Consider both the novelty of the image and its effectiveness in conveying the interpretation.



You can adjust the order of the images by moving them up or down to reflect your ranking. Note: if you don't want to change the order, simply click any of the images to indicate your response.



Interpretation: Speech and expression are powerful weapons, capable of shaping minds and influencing the course of events. - <img src=""https://bnupsych.au1.qualtrics.com/ControlPanel/Graphic.php?IM=IM_sYLcdpWrxPW9dJn"" width=""300"">","Please rank the following images based on their level of combinatorial creativity.Combinatorial creativity refers to the process of generating new and innovative ideas by combining existing elements in different ways.



Consider both the novelty of the image and its effectiveness in conveying the interpretation.



You can adjust the order of the images by moving them up or down to reflect your ranking. Note: if you don't want to change the order, simply click any of the images to indicate your response.



Interpretation: Speech and expression are powerful weapons, capable of shaping minds and influencing the course of events. - <img src=""https://bnupsych.au1.qualtrics.com/ControlPanel/Graphic.php?IM=IM_K1HPAjNAWHY9uhC"" width=""300"">","Please rank the following images based on their level of combinatorial creativity.Combinatorial creativity refers to the process of generating new and innovative ideas by combining existing elements in different ways.



Consider both the novelty of the image and its effectiveness in conveying the interpretation.



You can adjust the order of the images by moving them up or down to reflect your ranking. Note: if you don't want to change the order, simply click any of the images to indicate your response.



Interpretation: Speech and expression are powerful weapons, capable of shaping minds and influencing the course of events. - <img src=""https://bnupsych.au1.qualtrics.com/ControlPanel/Graphic.php?IM=IM_W3UM3ZhAwZQ07kw"" width=""300"">","Please rank the following images based on their level of combinatorial creativity.Combinatorial creativity refers to the process of generating new and innovative ideas by combining existing elements in different ways.



Consider both the novelty of the image and its effectiveness in conveying the interpretation.



You can adjust the order of the images by moving them up or down to reflect your ranking. Note: if you don't want to change the order, simply click any of the images to indicate your response.



Interpretation: The slices of an orange resemble the shape of lungs highlighting the profound universal symmetry that exists throughout nature. - <img src=""https://bnupsych.au1.qualtrics.com/ControlPanel/Graphic.php?IM=IM_gMSYJMJnSY1coMF"" width=""300"">","Please rank the following images based on their level of combinatorial creativity.Combinatorial creativity refers to the process of generating new and innovative ideas by combining existing elements in different ways.



Consider both the novelty of the image and its effectiveness in conveying the interpretation.



You can adjust the order of the images by moving them up or down to reflect your ranking. Note: if you don't want to change the order, simply click any of the images to indicate your response.



Interpretation: The slices of an orange resemble the shape of lungs highlighting the profound universal symmetry that exists throughout nature. - <img src=""https://bnupsych.au1.qualtrics.com/ControlPanel/Graphic.php?IM=IM_qjm1nrB42aXfgUD"" width=""300"">","Please rank the following images based on their level of combinatorial creativity.Combinatorial creativity refers to the process of generating new and innovative ideas by combining existing elements in different ways.



Consider both the novelty of the image and its effectiveness in conveying the interpretation.



You can adjust the order of the images by moving them up or down to reflect your ranking. Note: if you don't want to change the order, simply click any of the images to indicate your response.



Interpretation: The slices of an orange resemble the shape of lungs highlighting the profound universal symmetry that exists throughout nature. - <img src=""https://bnupsych.au1.qualtrics.com/ControlPanel/Graphic.php?IM=IM_urG2FyECbE66Gnx"" width=""300"">","Please rank the following images based on their level of combinatorial creativity.Combinatorial creativity refers to the process of generating new and innovative ideas by combining existing elements in different ways.



Consider both the novelty of the image and its effectiveness in conveying the interpretation.



You can adjust the order of the images by moving them up or down to reflect your ranking. Note: if you don't want to change the order, simply click any of the images to indicate your response.



Interpretation: The bin bag represents the human health which is a message as to how environmental pollution affects the heart health - <img src=""https://bnupsych.au1.qualtrics.com/ControlPanel/Graphic.php?IM=IM_QBdmNTLLD8D1Ds9"" width=""300"">","Please rank the following images based on their level of combinatorial creativity.Combinatorial creativity refers to the process of generating new and innovative ideas by combining existing elements in different ways.



Consider both the novelty of the image and its effectiveness in conveying the interpretation.



You can adjust the order of the images by moving them up or down to reflect your ranking. Note: if you don't want to change the order, simply click any of the images to indicate your response.



Interpretation: The bin bag represents the human health which is a message as to how environmental pollution affects the heart health - <img src=""https://bnupsych.au1.qualtrics.com/ControlPanel/Graphic.php?IM=IM_XMlzfUdaC5oSTXJ"" width=""300"">","Please rank the following images based on their level of combinatorial creativity.Combinatorial creativity refers to the process of generating new and innovative ideas by combining existing elements in different ways.



Consider both the novelty of the image and its effectiveness in conveying the interpretation.



You can adjust the order of the images by moving them up or down to reflect your ranking. Note: if you don't want to change the order, simply click any of the images to indicate your response.



Interpretation: The bin bag represents the human health which is a message as to how environmental pollution affects the heart health - <img src=""https://bnupsych.au1.qualtrics.com/ControlPanel/Graphic.php?IM=IM_tsSxrKWfkNl7KHT"" width=""300"">",Please rank the following images based on the order: Door>Chair>Desk. - IM_bHlZ2hffOBuWnzM,Please rank the following images based on the order: Door>Chair>Desk. - IM_9QuUV10fJh9Qb78,Please rank the following images based on the order: Door>Chair>Desk. - IM_0cSu8Vo7ehANs5U,"Please rank the following images based on their level of combinatorial creativity.Combinatorial creativity refers to the process of generating new and innovative ideas by combining existing elements in different ways.



Consider both the novelty of the image and its effectiveness in conveying the interpretation.



You can adjust the order of the images by moving them up or down to reflect your ranking. Note: if you don't want to change the order, simply click any of the images to indicate your response.



Interpretation: Sweets like ice cream are akin to a blade, a silent assassin of your health, tempting yet dangerous with every indulgence. - <img src=""https://bnupsych.au1.qualtrics.com/ControlPanel/Graphic.php?IM=IM_Re1xycd0ZQDTp0V"" width=""300"">","Please rank the following images based on their level of combinatorial creativity.Combinatorial creativity refers to the process of generating new and innovative ideas by combining existing elements in different ways.



Consider both the novelty of the image and its effectiveness in conveying the interpretation.



You can adjust the order of the images by moving them up or down to reflect your ranking. Note: if you don't want to change the order, simply click any of the images to indicate your response.



Interpretation: Sweets like ice cream are akin to a blade, a silent assassin of your health, tempting yet dangerous with every indulgence. - <img src=""https://bnupsych.au1.qualtrics.com/ControlPanel/Graphic.php?IM=IM_DEhhHEYpx8H68zh"" width=""300"">","Please rank the following images based on their level of combinatorial creativity.Combinatorial creativity refers to the process of generating new and innovative ideas by combining existing elements in different ways.



Consider both the novelty of the image and its effectiveness in conveying the interpretation.



You can adjust the order of the images by moving them up or down to reflect your ranking. Note: if you don't want to change the order, simply click any of the images to indicate your response.



Interpretation: Sweets like ice cream are akin to a blade, a silent assassin of your health, tempting yet dangerous with every indulgence. - <img src=""https://bnupsych.au1.qualtrics.com/ControlPanel/Graphic.php?IM=IM_Vt6nEMvxQD6tDui"" width=""300"">","Please rank the following images based on their level of combinatorial creativity.Combinatorial creativity refers to the process of generating new and innovative ideas by combining existing elements in different ways.



Consider both the novelty of the image and its effectiveness in conveying the interpretation.



You can adjust the order of the images by moving them up or down to reflect your ranking. Note: if you don't want to change the order, simply click any of the images to indicate your response.



Interpretation: The index value embodies capitalism, reflecting how the prosperity of the US is fundamentally built on the stock market. - <img src=""https://bnupsych.au1.qualtrics.com/ControlPanel/Graphic.php?IM=IM_oKDlKD8eeGW88nI"" width=""300"">","Please rank the following images based on their level of combinatorial creativity.Combinatorial creativity refers to the process of generating new and innovative ideas by combining existing elements in different ways.



Consider both the novelty of the image and its effectiveness in conveying the interpretation.



You can adjust the order of the images by moving them up or down to reflect your ranking. Note: if you don't want to change the order, simply click any of the images to indicate your response.



Interpretation: The index value embodies capitalism, reflecting how the prosperity of the US is fundamentally built on the stock market. - <img src=""https://bnupsych.au1.qualtrics.com/ControlPanel/Graphic.php?IM=IM_71n6ux9PmzpPGcs"" width=""300"">","Please rank the following images based on their level of combinatorial creativity.Combinatorial creativity refers to the process of generating new and innovative ideas by combining existing elements in different ways.



Consider both the novelty of the image and its effectiveness in conveying the interpretation.



You can adjust the order of the images by moving them up or down to reflect your ranking. Note: if you don't want to change the order, simply click any of the images to indicate your response.



Interpretation: The index value embodies capitalism, reflecting how the prosperity of the US is fundamentally built on the stock market. - <img src=""https://bnupsych.au1.qualtrics.com/ControlPanel/Graphic.php?IM=IM_s2synW4o0ci7hAX"" width=""300"">","Please rank the following images based on their level of combinatorial creativity.Combinatorial creativity refers to the process of generating new and innovative ideas by combining existing elements in different ways.



Consider both the novelty of the image and its effectiveness in conveying the interpretation.



You can adjust the order of the images by moving them up or down to reflect your ranking. Note: if you don't want to change the order, simply click any of the images to indicate your response.



Interpretation: It shows a serious theme of how something as innocent as the keyboard can pose dangers to you whether it be to symbolize a job, cyberbulllying  or viruses that work inside the computer. - <img src=""https://bnupsych.au1.qualtrics.com/ControlPanel/Graphic.php?IM=IM_WjehjXhVQjDAtU8"" width=""300"">","Please rank the following images based on their level of combinatorial creativity.Combinatorial creativity refers to the process of generating new and innovative ideas by combining existing elements in different ways.



Consider both the novelty of the image and its effectiveness in conveying the interpretation.



You can adjust the order of the images by moving them up or down to reflect your ranking. Note: if you don't want to change the order, simply click any of the images to indicate your response.



Interpretation: It shows a serious theme of how something as innocent as the keyboard can pose dangers to you whether it be to symbolize a job, cyberbulllying  or viruses that work inside the computer. - <img src=""https://bnupsych.au1.qualtrics.com/ControlPanel/Graphic.php?IM=IM_odSlHswKo4v1i5W"" width=""300"">","Please rank the following images based on their level of combinatorial creativity.Combinatorial creativity refers to the process of generating new and innovative ideas by combining existing elements in different ways.



Consider both the novelty of the image and its effectiveness in conveying the interpretation.



You can adjust the order of the images by moving them up or down to reflect your ranking. Note: if you don't want to change the order, simply click any of the images to indicate your response.



Interpretation: It shows a serious theme of how something as innocent as the keyboard can pose dangers to you whether it be to symbolize a job, cyberbulllying  or viruses that work inside the computer. - <img src=""https://bnupsych.au1.qualtrics.com/ControlPanel/Graphic.php?IM=IM_OP5ZWx0RTrtIWWu"" width=""300"">","Please rank the following images based on their level of combinatorial creativity.Combinatorial creativity refers to the process of generating new and innovative ideas by combining existing elements in different ways.



Consider both the novelty of the image and its effectiveness in conveying the interpretation.



You can adjust the order of the images by moving them up or down to reflect your ranking. Note: if you don't want to change the order, simply click any of the images to indicate your response.



Interpretation: If the mind were a plug, then books would be the sockets, channeling power and wisdom into our thoughts.Books are like chargers for the mind, filling it with knowledge and replenishing its energy. - <img src=""https://bnupsych.au1.qualtrics.com/ControlPanel/Graphic.php?IM=IM_P9mZJbBsB9Yo1W7"" width=""300"">","Please rank the following images based on their level of combinatorial creativity.Combinatorial creativity refers to the process of generating new and innovative ideas by combining existing elements in different ways.



Consider both the novelty of the image and its effectiveness in conveying the interpretation.



You can adjust the order of the images by moving them up or down to reflect your ranking. Note: if you don't want to change the order, simply click any of the images to indicate your response.



Interpretation: If the mind were a plug, then books would be the sockets, channeling power and wisdom into our thoughts.Books are like chargers for the mind, filling it with knowledge and replenishing its energy. - <img src=""https://bnupsych.au1.qualtrics.com/ControlPanel/Graphic.php?IM=IM_RBc4ygzFIcJv1Ic"" width=""300"">","Please rank the following images based on their level of combinatorial creativity.Combinatorial creativity refers to the process of generating new and innovative ideas by combining existing elements in different ways.



Consider both the novelty of the image and its effectiveness in conveying the interpretation.



You can adjust the order of the images by moving them up or down to reflect your ranking. Note: if you don't want to change the order, simply click any of the images to indicate your response.



Interpretation: If the mind were a plug, then books would be the sockets, channeling power and wisdom into our thoughts.Books are like chargers for the mind, filling it with knowledge and replenishing its energy. - <img src=""https://bnupsych.au1.qualtrics.com/ControlPanel/Graphic.php?IM=IM_4aANgEYaH4Ul58Q"" width=""300"">","Please rank the following images based on their level of combinatorial creativity.Combinatorial creativity refers to the process of generating new and innovative ideas by combining existing elements in different ways.



Consider both the novelty of the image and its effectiveness in conveying the interpretation.



You can adjust the order of the images by moving them up or down to reflect your ranking. Note: if you don't want to change the order, simply click any of the images to indicate your response.



Interpretation: Bombs dropped from the sky by planes bring devastation the moment they touch the ground, leaving nothing but death in their wake. - <img src=""https://bnupsych.au1.qualtrics.com/ControlPanel/Graphic.php?IM=IM_iLu1J84QETXhRx7"" width=""300"">","Please rank the following images based on their level of combinatorial creativity.Combinatorial creativity refers to the process of generating new and innovative ideas by combining existing elements in different ways.



Consider both the novelty of the image and its effectiveness in conveying the interpretation.



You can adjust the order of the images by moving them up or down to reflect your ranking. Note: if you don't want to change the order, simply click any of the images to indicate your response.



Interpretation: Bombs dropped from the sky by planes bring devastation the moment they touch the ground, leaving nothing but death in their wake. - <img src=""https://bnupsych.au1.qualtrics.com/ControlPanel/Graphic.php?IM=IM_BpDFowBGA5hwvHH"" width=""300"">","Please rank the following images based on their level of combinatorial creativity.Combinatorial creativity refers to the process of generating new and innovative ideas by combining existing elements in different ways.



Consider both the novelty of the image and its effectiveness in conveying the interpretation.



You can adjust the order of the images by moving them up or down to reflect your ranking. Note: if you don't want to change the order, simply click any of the images to indicate your response.



Interpretation: Bombs dropped from the sky by planes bring devastation the moment they touch the ground, leaving nothing but death in their wake. - <img src=""https://bnupsych.au1.qualtrics.com/ControlPanel/Graphic.php?IM=IM_hs6wIQMDxgqCXnQ"" width=""300"">","Please rank the following images based on their level of combinatorial creativity.Combinatorial creativity refers to the process of generating new and innovative ideas by combining existing elements in different ways.



Consider both the novelty of the image and its effectiveness in conveying the interpretation.



You can adjust the order of the images by moving them up or down to reflect your ranking. Note: if you don't want to change the order, simply click any of the images to indicate your response.



Interpretation: Writing can unleash an impact as explosive as a bomb. Yet, it can also turn war into peace, transforming weapons into harmony. - <img src=""https://bnupsych.au1.qualtrics.com/ControlPanel/Graphic.php?IM=IM_6BCr9NzOT4czYci"" width=""300"">","Please rank the following images based on their level of combinatorial creativity.Combinatorial creativity refers to the process of generating new and innovative ideas by combining existing elements in different ways.



Consider both the novelty of the image and its effectiveness in conveying the interpretation.



You can adjust the order of the images by moving them up or down to reflect your ranking. Note: if you don't want to change the order, simply click any of the images to indicate your response.



Interpretation: Writing can unleash an impact as explosive as a bomb. Yet, it can also turn war into peace, transforming weapons into harmony. - <img src=""https://bnupsych.au1.qualtrics.com/ControlPanel/Graphic.php?IM=IM_ZlzmSetooDMCpr1"" width=""300"">","Please rank the following images based on their level of combinatorial creativity.Combinatorial creativity refers to the process of generating new and innovative ideas by combining existing elements in different ways.



Consider both the novelty of the image and its effectiveness in conveying the interpretation.



You can adjust the order of the images by moving them up or down to reflect your ranking. Note: if you don't want to change the order, simply click any of the images to indicate your response.



Interpretation: Writing can unleash an impact as explosive as a bomb. Yet, it can also turn war into peace, transforming weapons into harmony. - <img src=""https://bnupsych.au1.qualtrics.com/ControlPanel/Graphic.php?IM=IM_1wyrWPv9BBbLtmQ"" width=""300"">","Please rank the following images based on their level of combinatorial creativity.Combinatorial creativity refers to the process of generating new and innovative ideas by combining existing elements in different ways.



Consider both the novelty of the image and its effectiveness in conveying the interpretation.



You can adjust the order of the images by moving them up or down to reflect your ranking. Note: if you don't want to change the order, simply click any of the images to indicate your response.



Interpretation: The image captures the essence of human perception intertwined with photography, emphasizing the eye as the ultimate camera, where every blink frames a moment, and every glance preserves a memory. - <img src=""https://bnupsych.au1.qualtrics.com/ControlPanel/Graphic.php?IM=IM_DK4zNtVZ8d0LGMv"" width=""300"">","Please rank the following images based on their level of combinatorial creativity.Combinatorial creativity refers to the process of generating new and innovative ideas by combining existing elements in different ways.



Consider both the novelty of the image and its effectiveness in conveying the interpretation.



You can adjust the order of the images by moving them up or down to reflect your ranking. Note: if you don't want to change the order, simply click any of the images to indicate your response.



Interpretation: The image captures the essence of human perception intertwined with photography, emphasizing the eye as the ultimate camera, where every blink frames a moment, and every glance preserves a memory. - <img src=""https://bnupsych.au1.qualtrics.com/ControlPanel/Graphic.php?IM=IM_za3MGYzS7eyo4ub"" width=""300"">","Please rank the following images based on their level of combinatorial creativity.Combinatorial creativity refers to the process of generating new and innovative ideas by combining existing elements in different ways.



Consider both the novelty of the image and its effectiveness in conveying the interpretation.



You can adjust the order of the images by moving them up or down to reflect your ranking. Note: if you don't want to change the order, simply click any of the images to indicate your response.



Interpretation: The image captures the essence of human perception intertwined with photography, emphasizing the eye as the ultimate camera, where every blink frames a moment, and every glance preserves a memory. - <img src=""https://bnupsych.au1.qualtrics.com/ControlPanel/Graphic.php?IM=IM_w4BE6wJ5hzgr4uM"" width=""300"">","Please rank the following images based on their level of combinatorial creativity.Combinatorial creativity refers to the process of generating new and innovative ideas by combining existing elements in different ways.



Consider both the novelty of the image and its effectiveness in conveying the interpretation.



You can adjust the order of the images by moving them up or down to reflect your ranking. Note: if you don't want to change the order, simply click any of the images to indicate your response.



Interpretation: The world transformation into a trash bag stark emblem of our planet suffocation under the relentless tide of waste. - <img src=""https://bnupsych.au1.qualtrics.com/ControlPanel/Graphic.php?IM=IM_cdCuhvaartt9qrW"" width=""300"">","Please rank the following images based on their level of combinatorial creativity.Combinatorial creativity refers to the process of generating new and innovative ideas by combining existing elements in different ways.



Consider both the novelty of the image and its effectiveness in conveying the interpretation.



You can adjust the order of the images by moving them up or down to reflect your ranking. Note: if you don't want to change the order, simply click any of the images to indicate your response.



Interpretation: The world transformation into a trash bag stark emblem of our planet suffocation under the relentless tide of waste. - <img src=""https://bnupsych.au1.qualtrics.com/ControlPanel/Graphic.php?IM=IM_5ykhBdoJizVJDEC"" width=""300"">","Please rank the following images based on their level of combinatorial creativity.Combinatorial creativity refers to the process of generating new and innovative ideas by combining existing elements in different ways.



Consider both the novelty of the image and its effectiveness in conveying the interpretation.



You can adjust the order of the images by moving them up or down to reflect your ranking. Note: if you don't want to change the order, simply click any of the images to indicate your response.



Interpretation: The world transformation into a trash bag stark emblem of our planet suffocation under the relentless tide of waste. - <img src=""https://bnupsych.au1.qualtrics.com/ControlPanel/Graphic.php?IM=IM_EGgXDn0A3OdLAGf"" width=""300"">","Please rank the following images based on their level of combinatorial creativity.Combinatorial creativity refers to the process of generating new and innovative ideas by combining existing elements in different ways.



Consider both the novelty of the image and its effectiveness in conveying the interpretation.



You can adjust the order of the images by moving them up or down to reflect your ranking. Note: if you don't want to change the order, simply click any of the images to indicate your response.



Interpretation: Coffee serves as a vital companion in the quest for alertness, fueling both mind and body, sharpening senses, and warding off the drowsiness that threatens to cloud focus. - <img src=""https://bnupsych.au1.qualtrics.com/ControlPanel/Graphic.php?IM=IM_Gyb3TRr4fBJi9C0"" width=""300"">","Please rank the following images based on their level of combinatorial creativity.Combinatorial creativity refers to the process of generating new and innovative ideas by combining existing elements in different ways.



Consider both the novelty of the image and its effectiveness in conveying the interpretation.



You can adjust the order of the images by moving them up or down to reflect your ranking. Note: if you don't want to change the order, simply click any of the images to indicate your response.



Interpretation: Coffee serves as a vital companion in the quest for alertness, fueling both mind and body, sharpening senses, and warding off the drowsiness that threatens to cloud focus. - <img src=""https://bnupsych.au1.qualtrics.com/ControlPanel/Graphic.php?IM=IM_1FiEbJRRhjOc6Hx"" width=""300"">","Please rank the following images based on their level of combinatorial creativity.Combinatorial creativity refers to the process of generating new and innovative ideas by combining existing elements in different ways.



Consider both the novelty of the image and its effectiveness in conveying the interpretation.



You can adjust the order of the images by moving them up or down to reflect your ranking. Note: if you don't want to change the order, simply click any of the images to indicate your response.



Interpretation: Coffee serves as a vital companion in the quest for alertness, fueling both mind and body, sharpening senses, and warding off the drowsiness that threatens to cloud focus. - <img src=""https://bnupsych.au1.qualtrics.com/ControlPanel/Graphic.php?IM=IM_Drsr1SrtI5ZXibX"" width=""300"">","Please rank the following images based on their level of combinatorial creativity.Combinatorial creativity refers to the process of generating new and innovative ideas by combining existing elements in different ways.



Consider both the novelty of the image and its effectiveness in conveying the interpretation.



You can adjust the order of the images by moving them up or down to reflect your ranking. Note: if you don't want to change the order, simply click any of the images to indicate your response.



Interpretation: Smoking or exposure to secondhand smoke is endangering the health of babies, compromising their well-being from the very start. - <img src=""https://bnupsych.au1.qualtrics.com/ControlPanel/Graphic.php?IM=IM_Kamg2NBom99M6cv"" width=""300"">","Please rank the following images based on their level of combinatorial creativity.Combinatorial creativity refers to the process of generating new and innovative ideas by combining existing elements in different ways.



Consider both the novelty of the image and its effectiveness in conveying the interpretation.



You can adjust the order of the images by moving them up or down to reflect your ranking. Note: if you don't want to change the order, simply click any of the images to indicate your response.



Interpretation: Smoking or exposure to secondhand smoke is endangering the health of babies, compromising their well-being from the very start. - <img src=""https://bnupsych.au1.qualtrics.com/ControlPanel/Graphic.php?IM=IM_3DZi78qDjV2Cxzt"" width=""300"">","Please rank the following images based on their level of combinatorial creativity.Combinatorial creativity refers to the process of generating new and innovative ideas by combining existing elements in different ways.



Consider both the novelty of the image and its effectiveness in conveying the interpretation.



You can adjust the order of the images by moving them up or down to reflect your ranking. Note: if you don't want to change the order, simply click any of the images to indicate your response.



Interpretation: Smoking or exposure to secondhand smoke is endangering the health of babies, compromising their well-being from the very start. - <img src=""https://bnupsych.au1.qualtrics.com/ControlPanel/Graphic.php?IM=IM_FNZWTBWBC4dUjbT"" width=""300"">","Please rank the following images based on their level of combinatorial creativity.Combinatorial creativity refers to the process of generating new and innovative ideas by combining existing elements in different ways.



Consider both the novelty of the image and its effectiveness in conveying the interpretation.



You can adjust the order of the images by moving them up or down to reflect your ranking. Note: if you don't want to change the order, simply click any of the images to indicate your response.



Interpretation: Drinking soda in excess is like detonating explosives within your body, slowly but surely destroying your health. - <img src=""https://bnupsych.au1.qualtrics.com/ControlPanel/Graphic.php?IM=IM_PBYrH33jHtAkUkN"" width=""300"">","Please rank the following images based on their level of combinatorial creativity.Combinatorial creativity refers to the process of generating new and innovative ideas by combining existing elements in different ways.



Consider both the novelty of the image and its effectiveness in conveying the interpretation.



You can adjust the order of the images by moving them up or down to reflect your ranking. Note: if you don't want to change the order, simply click any of the images to indicate your response.



Interpretation: Drinking soda in excess is like detonating explosives within your body, slowly but surely destroying your health. - <img src=""https://bnupsych.au1.qualtrics.com/ControlPanel/Graphic.php?IM=IM_veFgJge5tvziYGv"" width=""300"">","Please rank the following images based on their level of combinatorial creativity.Combinatorial creativity refers to the process of generating new and innovative ideas by combining existing elements in different ways.



Consider both the novelty of the image and its effectiveness in conveying the interpretation.



You can adjust the order of the images by moving them up or down to reflect your ranking. Note: if you don't want to change the order, simply click any of the images to indicate your response.



Interpretation: Drinking soda in excess is like detonating explosives within your body, slowly but surely destroying your health. - <img src=""https://bnupsych.au1.qualtrics.com/ControlPanel/Graphic.php?IM=IM_iNz80LqtlWKI82Q"" width=""300"">","Please rank the following images based on their level of combinatorial creativity.Combinatorial creativity refers to the process of generating new and innovative ideas by combining existing elements in different ways.



Consider both the novelty of the image and its effectiveness in conveying the interpretation.



You can adjust the order of the images by moving them up or down to reflect your ranking. Note: if you don't want to change the order, simply click any of the images to indicate your response.



Interpretation: Casting a vote is a facade. The people behind the scenes are in charge of who wins. - <img src=""https://bnupsych.au1.qualtrics.com/ControlPanel/Graphic.php?IM=IM_8aVy4DI6vKflhY4"" width=""300"">","Please rank the following images based on their level of combinatorial creativity.Combinatorial creativity refers to the process of generating new and innovative ideas by combining existing elements in different ways.



Consider both the novelty of the image and its effectiveness in conveying the interpretation.



You can adjust the order of the images by moving them up or down to reflect your ranking. Note: if you don't want to change the order, simply click any of the images to indicate your response.



Interpretation: Casting a vote is a facade. The people behind the scenes are in charge of who wins. - <img src=""https://bnupsych.au1.qualtrics.com/ControlPanel/Graphic.php?IM=IM_rsaEiw8uBhMBZm9"" width=""300"">","Please rank the following images based on their level of combinatorial creativity.Combinatorial creativity refers to the process of generating new and innovative ideas by combining existing elements in different ways.



Consider both the novelty of the image and its effectiveness in conveying the interpretation.



You can adjust the order of the images by moving them up or down to reflect your ranking. Note: if you don't want to change the order, simply click any of the images to indicate your response.



Interpretation: Casting a vote is a facade. The people behind the scenes are in charge of who wins. - <img src=""https://bnupsych.au1.qualtrics.com/ControlPanel/Graphic.php?IM=IM_ZSrPkNREz0OvR2j"" width=""300"">","Please rank the following images based on their level of combinatorial creativity.Combinatorial creativity refers to the process of generating new and innovative ideas by combining existing elements in different ways.



Consider both the novelty of the image and its effectiveness in conveying the interpretation.



You can adjust the order of the images by moving them up or down to reflect your ranking. Note: if you don't want to change the order, simply click any of the images to indicate your response.



Interpretation: Smoking addiction is steadily shaping your grave, drawing you closer to death with every inhale, sealing your fate one puff at a time. - <img src=""https://bnupsych.au1.qualtrics.com/ControlPanel/Graphic.php?IM=IM_q1qFaHYvSJtZ20O"" width=""300"">","Please rank the following images based on their level of combinatorial creativity.Combinatorial creativity refers to the process of generating new and innovative ideas by combining existing elements in different ways.



Consider both the novelty of the image and its effectiveness in conveying the interpretation.



You can adjust the order of the images by moving them up or down to reflect your ranking. Note: if you don't want to change the order, simply click any of the images to indicate your response.



Interpretation: Smoking addiction is steadily shaping your grave, drawing you closer to death with every inhale, sealing your fate one puff at a time. - <img src=""https://bnupsych.au1.qualtrics.com/ControlPanel/Graphic.php?IM=IM_X7HQ1ijaoAl3kkc"" width=""300"">","Please rank the following images based on their level of combinatorial creativity.Combinatorial creativity refers to the process of generating new and innovative ideas by combining existing elements in different ways.



Consider both the novelty of the image and its effectiveness in conveying the interpretation.



You can adjust the order of the images by moving them up or down to reflect your ranking. Note: if you don't want to change the order, simply click any of the images to indicate your response.



Interpretation: Smoking addiction is steadily shaping your grave, drawing you closer to death with every inhale, sealing your fate one puff at a time. - <img src=""https://bnupsych.au1.qualtrics.com/ControlPanel/Graphic.php?IM=IM_TTMawNMOpRy2HaJ"" width=""300"">","Please rank the following images based on their level of combinatorial creativity.Combinatorial creativity refers to the process of generating new and innovative ideas by combining existing elements in different ways.



Consider both the novelty of the image and its effectiveness in conveying the interpretation.



You can adjust the order of the images by moving them up or down to reflect your ranking. Note: if you don't want to change the order, simply click any of the images to indicate your response.



Interpretation: Smoking is as perilous as a bullet, with each inhale like pulling the trigger, slowly leading to self-destruction and harming those around you in its lethal path. - <img src=""https://bnupsych.au1.qualtrics.com/ControlPanel/Graphic.php?IM=IM_2R4rBKMPcEYGbcx"" width=""300"">","Please rank the following images based on their level of combinatorial creativity.Combinatorial creativity refers to the process of generating new and innovative ideas by combining existing elements in different ways.



Consider both the novelty of the image and its effectiveness in conveying the interpretation.



You can adjust the order of the images by moving them up or down to reflect your ranking. Note: if you don't want to change the order, simply click any of the images to indicate your response.



Interpretation: Smoking is as perilous as a bullet, with each inhale like pulling the trigger, slowly leading to self-destruction and harming those around you in its lethal path. - <img src=""https://bnupsych.au1.qualtrics.com/ControlPanel/Graphic.php?IM=IM_5J4oXChMYQUjQrd"" width=""300"">","Please rank the following images based on their level of combinatorial creativity.Combinatorial creativity refers to the process of generating new and innovative ideas by combining existing elements in different ways.



Consider both the novelty of the image and its effectiveness in conveying the interpretation.



You can adjust the order of the images by moving them up or down to reflect your ranking. Note: if you don't want to change the order, simply click any of the images to indicate your response.



Interpretation: Smoking is as perilous as a bullet, with each inhale like pulling the trigger, slowly leading to self-destruction and harming those around you in its lethal path. - <img src=""https://bnupsych.au1.qualtrics.com/ControlPanel/Graphic.php?IM=IM_CNqhNF3YrpMNP4w"" width=""300"">","Please rank the following images based on their level of combinatorial creativity.Combinatorial creativity refers to the process of generating new and innovative ideas by combining existing elements in different ways.



Consider both the novelty of the image and its effectiveness in conveying the interpretation.



You can adjust the order of the images by moving them up or down to reflect your ranking. Note: if you don't want to change the order, simply click any of the images to indicate your response.



Interpretation: Humanity relentlessly extracts resources, a ceaseless act of extinguishing life, where the earth's pulse fades with every grasp. - <img src=""https://bnupsych.au1.qualtrics.com/ControlPanel/Graphic.php?IM=IM_lHp57pa5TufVd5t"" width=""300"">","Please rank the following images based on their level of combinatorial creativity.Combinatorial creativity refers to the process of generating new and innovative ideas by combining existing elements in different ways.



Consider both the novelty of the image and its effectiveness in conveying the interpretation.



You can adjust the order of the images by moving them up or down to reflect your ranking. Note: if you don't want to change the order, simply click any of the images to indicate your response.



Interpretation: Humanity relentlessly extracts resources, a ceaseless act of extinguishing life, where the earth's pulse fades with every grasp. - <img src=""https://bnupsych.au1.qualtrics.com/ControlPanel/Graphic.php?IM=IM_CezIsGrYUXZCaO2"" width=""300"">","Please rank the following images based on their level of combinatorial creativity.Combinatorial creativity refers to the process of generating new and innovative ideas by combining existing elements in different ways.



Consider both the novelty of the image and its effectiveness in conveying the interpretation.



You can adjust the order of the images by moving them up or down to reflect your ranking. Note: if you don't want to change the order, simply click any of the images to indicate your response.



Interpretation: Humanity relentlessly extracts resources, a ceaseless act of extinguishing life, where the earth's pulse fades with every grasp. - <img src=""https://bnupsych.au1.qualtrics.com/ControlPanel/Graphic.php?IM=IM_SrZMSd2ewDTrWn8"" width=""300"">","Please rank the following images based on their level of combinatorial creativity.Combinatorial creativity refers to the process of generating new and innovative ideas by combining existing elements in different ways.



Consider both the novelty of the image and its effectiveness in conveying the interpretation.



You can adjust the order of the images by moving them up or down to reflect your ranking. Note: if you don't want to change the order, simply click any of the images to indicate your response.



Interpretation: Knowledge is like a delicious dessert, best savored slowly, each bite revealing deeper flavors to the curious mind. - <img src=""https://bnupsych.au1.qualtrics.com/ControlPanel/Graphic.php?IM=IM_sjllqIcTH2qgPKO"" width=""300"">","Please rank the following images based on their level of combinatorial creativity.Combinatorial creativity refers to the process of generating new and innovative ideas by combining existing elements in different ways.



Consider both the novelty of the image and its effectiveness in conveying the interpretation.



You can adjust the order of the images by moving them up or down to reflect your ranking. Note: if you don't want to change the order, simply click any of the images to indicate your response.



Interpretation: Knowledge is like a delicious dessert, best savored slowly, each bite revealing deeper flavors to the curious mind. - <img src=""https://bnupsych.au1.qualtrics.com/ControlPanel/Graphic.php?IM=IM_XXPBfxTEjqgl95I"" width=""300"">","Please rank the following images based on their level of combinatorial creativity.Combinatorial creativity refers to the process of generating new and innovative ideas by combining existing elements in different ways.



Consider both the novelty of the image and its effectiveness in conveying the interpretation.



You can adjust the order of the images by moving them up or down to reflect your ranking. Note: if you don't want to change the order, simply click any of the images to indicate your response.



Interpretation: Knowledge is like a delicious dessert, best savored slowly, each bite revealing deeper flavors to the curious mind. - <img src=""https://bnupsych.au1.qualtrics.com/ControlPanel/Graphic.php?IM=IM_9EG6ztBdPmqYsZU"" width=""300"">","Please rank the following images based on their level of combinatorial creativity.Combinatorial creativity refers to the process of generating new and innovative ideas by combining existing elements in different ways.



Consider both the novelty of the image and its effectiveness in conveying the interpretation.



You can adjust the order of the images by moving them up or down to reflect your ranking. Note: if you don't want to change the order, simply click any of the images to indicate your response.



Interpretation: Plastic waste is reshaping the oceans, claiming dominion over marine life, silencing the vibrant pulse of the deep. - <img src=""https://bnupsych.au1.qualtrics.com/ControlPanel/Graphic.php?IM=IM_EfAwGEr8gEF6tUB"" width=""300"">","Please rank the following images based on their level of combinatorial creativity.Combinatorial creativity refers to the process of generating new and innovative ideas by combining existing elements in different ways.



Consider both the novelty of the image and its effectiveness in conveying the interpretation.



You can adjust the order of the images by moving them up or down to reflect your ranking. Note: if you don't want to change the order, simply click any of the images to indicate your response.



Interpretation: Plastic waste is reshaping the oceans, claiming dominion over marine life, silencing the vibrant pulse of the deep. - <img src=""https://bnupsych.au1.qualtrics.com/ControlPanel/Graphic.php?IM=IM_yWRHUqOjc4V6jjr"" width=""300"">","Please rank the following images based on their level of combinatorial creativity.Combinatorial creativity refers to the process of generating new and innovative ideas by combining existing elements in different ways.



Consider both the novelty of the image and its effectiveness in conveying the interpretation.



You can adjust the order of the images by moving them up or down to reflect your ranking. Note: if you don't want to change the order, simply click any of the images to indicate your response.



Interpretation: Plastic waste is reshaping the oceans, claiming dominion over marine life, silencing the vibrant pulse of the deep. - <img src=""https://bnupsych.au1.qualtrics.com/ControlPanel/Graphic.php?IM=IM_zB8ykRCi9dVWGPp"" width=""300"">","Please rank the following images based on their level of combinatorial creativity.Combinatorial creativity refers to the process of generating new and innovative ideas by combining existing elements in different ways.



Consider both the novelty of the image and its effectiveness in conveying the interpretation.



You can adjust the order of the images by moving them up or down to reflect your ranking. Note: if you don't want to change the order, simply click any of the images to indicate your response.



Interpretation: Nature, in its quiet and subtle way, is always observing humanity, silently witnessing our every moment. - <img src=""https://bnupsych.au1.qualtrics.com/ControlPanel/Graphic.php?IM=IM_MydTAKxn9p6uPdV"" width=""300"">","Please rank the following images based on their level of combinatorial creativity.Combinatorial creativity refers to the process of generating new and innovative ideas by combining existing elements in different ways.



Consider both the novelty of the image and its effectiveness in conveying the interpretation.



You can adjust the order of the images by moving them up or down to reflect your ranking. Note: if you don't want to change the order, simply click any of the images to indicate your response.



Interpretation: Nature, in its quiet and subtle way, is always observing humanity, silently witnessing our every moment. - <img src=""https://bnupsych.au1.qualtrics.com/ControlPanel/Graphic.php?IM=IM_19ZBGVKZVnN6Tyy"" width=""300"">","Please rank the following images based on their level of combinatorial creativity.Combinatorial creativity refers to the process of generating new and innovative ideas by combining existing elements in different ways.



Consider both the novelty of the image and its effectiveness in conveying the interpretation.



You can adjust the order of the images by moving them up or down to reflect your ranking. Note: if you don't want to change the order, simply click any of the images to indicate your response.



Interpretation: Nature, in its quiet and subtle way, is always observing humanity, silently witnessing our every moment. - <img src=""https://bnupsych.au1.qualtrics.com/ControlPanel/Graphic.php?IM=IM_JOm4NTTe8lghsAE"" width=""300"">",Please rank the following images based on the order: Flower>Tree>Sky. - IM_7aivqpwrWw9Mh0y,Please rank the following images based on the order: Flower>Tree>Sky. - IM_0ujBKoL5eGYcMrc,Please rank the following images based on the order: Flower>Tree>Sky. - IM_byzldycjyYYEtx4,PROLIFIC_PID
"{""ImportId"":""QID57_1""}","{""ImportId"":""QID57_2""}","{""ImportId"":""QID57_3""}","{""ImportId"":""QID58_1""}","{""ImportId"":""QID58_2""}","{""ImportId"":""QID58_3""}","{""ImportId"":""QID59_1""}","{""ImportId"":""QID59_2""}","{""ImportId"":""QID59_3""}","{""ImportId"":""QID60_1""}","{""ImportId"":""QID60_2""}","{""ImportId"":""QID60_3""}","{""ImportId"":""QID61_1""}","{""ImportId"":""QID61_2""}","{""ImportId"":""QID61_3""}","{""ImportId"":""QID62_1""}","{""ImportId"":""QID62_2""}","{""ImportId"":""QID62_3""}","{""ImportId"":""QID63_1""}","{""ImportId"":""QID63_2""}","{""ImportId"":""QID63_3""}","{""ImportId"":""QID64_1""}","{""ImportId"":""QID64_2""}","{""ImportId"":""QID64_3""}","{""ImportId"":""QID65_1""}","{""ImportId"":""QID65_2""}","{""ImportId"":""QID65_3""}","{""ImportId"":""QID66_1""}","{""ImportId"":""QID66_2""}","{""ImportId"":""QID66_3""}","{""ImportId"":""QID67_1""}","{""ImportId"":""QID67_2""}","{""ImportId"":""QID67_3""}","{""ImportId"":""QID68_1""}","{""ImportId"":""QID68_2""}","{""ImportId"":""QID68_3""}","{""ImportId"":""QID69_1""}","{""ImportId"":""QID69_2""}","{""ImportId"":""QID69_3""}","{""ImportId"":""QID70_1""}","{""ImportId"":""QID70_2""}","{""ImportId"":""QID70_3""}","{""ImportId"":""QID71_1""}","{""ImportId"":""QID71_2""}","{""ImportId"":""QID71_3""}","{""ImportId"":""QID72_1""}","{""ImportId"":""QID72_2""}","{""ImportId"":""QID72_3""}","{""ImportId"":""QID73_1""}","{""ImportId"":""QID73_2""}","{""ImportId"":""QID73_3""}","{""ImportId"":""QID74_1""}","{""ImportId"":""QID74_2""}","{""ImportId"":""QID74_3""}","{""ImportId"":""QID75_1""}","{""ImportId"":""QID75_2""}","{""ImportId"":""QID75_3""}","{""ImportId"":""QID76_1""}","{""ImportId"":""QID76_2""}","{""ImportId"":""QID76_3""}","{""ImportId"":""QID50_1""}","{""ImportId"":""QID50_2""}","{""ImportId"":""QID50_3""}","{""ImportId"":""QID77_1""}","{""ImportId"":""QID77_2""}","{""ImportId"":""QID77_3""}","{""ImportId"":""QID78_1""}","{""ImportId"":""QID78_2""}","{""ImportId"":""QID78_3""}","{""ImportId"":""QID79_1""}","{""ImportId"":""QID79_2""}","{""ImportId"":""QID79_3""}","{""ImportId"":""QID80_1""}","{""ImportId"":""QID80_2""}","{""ImportId"":""QID80_3""}","{""ImportId"":""QID81_1""}","{""ImportId"":""QID81_2""}","{""ImportId"":""QID81_3""}","{""ImportId"":""QID82_1""}","{""ImportId"":""QID82_2""}","{""ImportId"":""QID82_3""}","{""ImportId"":""QID83_1""}","{""ImportId"":""QID83_2""}","{""ImportId"":""QID83_3""}","{""ImportId"":""QID84_1""}","{""ImportId"":""QID84_2""}","{""ImportId"":""QID84_3""}","{""ImportId"":""QID85_1""}","{""ImportId"":""QID85_2""}","{""ImportId"":""QID85_3""}","{""ImportId"":""QID86_1""}","{""ImportId"":""QID86_2""}","{""ImportId"":""QID86_3""}","{""ImportId"":""QID87_1""}","{""ImportId"":""QID87_2""}","{""ImportId"":""QID87_3""}","{""ImportId"":""QID88_1""}","{""ImportId"":""QID88_2""}","{""ImportId"":""QID88_3""}","{""ImportId"":""QID89_1""}","{""ImportId"":""QID89_2""}","{""ImportId"":""QID89_3""}","{""ImportId"":""QID90_1""}","{""ImportId"":""QID90_2""}","{""ImportId"":""QID90_3""}","{""ImportId"":""QID91_1""}","{""ImportId"":""QID91_2""}","{""ImportId"":""QID91_3""}","{""ImportId"":""QID92_1""}","{""ImportId"":""QID92_2""}","{""ImportId"":""QID92_3""}","{""ImportId"":""QID93_1""}","{""ImportId"":""QID93_2""}","{""ImportId"":""QID93_3""}","{""ImportId"":""QID94_1""}","{""ImportId"":""QID94_2""}","{""ImportId"":""QID94_3""}","{""ImportId"":""QID56_1""}","{""ImportId"":""QID56_2""}","{""ImportId"":""QID56_3""}","{""ImportId"":""PROLIFIC_PID""}"
1,3,2,3,1,2,2,3,1,3,1,2,1,3,2,2,3,1,1,3,2,1,3,2,3,2,1,3,2,1,2,1,3,3,2,1,3,2,1,3,2,1,3,1,2,2,3,1,1,2,3,1,3,2,3,1,2,2,3,1,2,3,1,2,1,3,3,2,1,2,3,1,2,3,1,1,2,3,1,3,2,2,3,1,3,1,2,3,2,1,2,1,3,1,3,2,1,2,3,2,1,3,1,2,3,3,2,1,2,3,1,1,2,3,1,2,3,3,1,2,62b5db48089258eeb74f68d2
3,1,2,2,1,3,2,3,1,3,2,1,1,3,2,2,1,3,1,3,2,1,3,2,1,2,3,3,2,1,2,1,3,3,2,1,2,3,1,3,1,2,3,1,2,1,3,2,3,2,1,2,3,1,2,3,1,3,2,1,2,3,1,2,1,3,1,2,3,2,3,1,1,3,2,1,2,3,1,2,3,1,2,3,2,3,1,3,1,2,2,1,3,1,2,3,1,2,3,2,1,3,1,2,3,2,3,1,3,2,1,1,2,3,1,2,3,3,1,2,629f88c9ab5f85603857f5bb
1,2,3,2,1,3,2,3,1,3,2,1,1,3,2,2,3,1,2,3,1,1,2,3,1,2,3,2,3,1,1,2,3,3,2,1,3,1,2,3,2,1,2,1,3,1,3,2,1,2,3,1,3,2,3,2,1,3,1,2,2,3,1,2,1,3,3,1,2,3,1,2,2,3,1,1,2,3,1,3,2,1,2,3,2,1,3,3,1,2,2,1,3,1,2,3,1,2,3,1,2,3,1,2,3,1,2,3,1,3,2,2,1,3,1,2,3,3,1,2,62ea83ca983737891e4a162f
1,3,2,2,1,3,2,3,1,2,3,1,1,2,3,2,1,3,1,2,3,1,3,2,1,3,2,3,2,1,2,1,3,1,2,3,3,2,1,2,3,1,2,1,3,2,3,1,2,1,3,1,3,2,1,3,2,2,3,1,2,3,1,2,1,3,3,1,2,1,2,3,2,3,1,1,2,3,1,2,3,1,2,3,2,3,1,2,1,3,3,1,2,2,3,1,1,2,3,3,1,2,1,2,3,1,2,3,1,2,3,1,3,2,1,3,2,3,1,2,5e6d1fe58d0fea000c4d6ca4
1,3,2,2,1,3,3,2,1,3,2,1,1,3,2,2,3,1,2,3,1,1,3,2,2,1,3,2,3,1,1,2,3,3,2,1,3,1,2,3,1,2,3,1,2,1,3,2,2,3,1,2,3,1,2,3,1,2,1,3,2,3,1,2,1,3,3,1,2,1,3,2,2,3,1,1,2,3,1,2,3,1,2,3,2,3,1,3,1,2,2,1,3,2,1,3,1,2,3,2,1,3,1,3,2,2,3,1,1,3,2,1,2,3,1,2,3,3,1,2,5f84d5846e8c4a1a720c6dd2
1,3,2,2,1,3,2,3,1,3,2,1,1,3,2,2,3,1,1,3,2,1,3,2,1,2,3,3,2,1,2,1,3,3,2,1,3,1,2,3,2,1,3,1,2,2,3,1,1,3,2,2,3,1,2,3,1,1,2,3,2,3,1,2,1,3,3,2,1,3,2,1,2,3,1,1,2,3,1,3,2,1,2,3,3,2,1,3,2,1,2,1,3,3,1,2,1,3,2,2,3,1,1,3,2,1,2,3,1,3,2,1,2,3,1,2,3,3,1,2,5a0c4184fe645f0001e9f5dd
1,3,2,2,1,3,2,3,1,3,2,1,1,3,2,2,3,1,1,3,2,1,3,2,2,1,3,3,2,1,2,1,3,3,2,1,3,1,2,3,2,1,2,1,3,1,3,2,1,3,2,1,3,2,2,3,1,2,1,3,2,3,1,2,1,3,3,1,2,2,3,1,2,3,1,1,3,2,1,3,2,1,3,2,2,1,3,3,1,2,2,1,3,3,1,2,1,3,2,2,1,3,1,3,2,1,2,3,1,3,2,2,1,3,1,3,2,3,1,2,5b61d0768de04c000171cf1b
1,3,2,2,1,3,2,3,1,3,2,1,1,3,2,2,3,1,1,3,2,1,3,2,1,2,3,3,2,1,2,1,3,3,2,1,2,3,1,3,2,1,3,1,2,1,3,2,1,3,2,1,3,2,3,2,1,2,1,3,2,3,1,2,1,3,3,1,2,2,3,1,2,3,1,1,3,2,1,3,2,1,3,2,2,1,3,3,2,1,2,1,3,3,1,2,1,2,3,2,1,3,1,2,3,2,1,3,1,2,3,1,2,3,1,2,3,3,1,2,66bbd0456a571f9ff4e6e98a
1,2,3,2,1,3,1,3,2,2,3,1,1,3,2,2,3,1,1,3,2,1,3,2,2,1,3,2,3,1,2,1,3,3,2,1,2,1,3,3,1,2,3,1,2,1,3,2,1,2,3,1,3,2,1,3,2,2,1,3,2,3,1,2,1,3,3,2,1,2,1,3,3,2,1,1,2,3,2,3,1,1,2,3,2,3,1,1,2,3,2,1,3,3,2,1,1,3,2,1,2,3,1,2,3,2,1,3,1,3,2,1,2,3,1,3,2,3,1,2,66f16f8afa4326c1c1c250a5
1,2,3,2,1,3,1,2,3,3,2,1,1,2,3,1,2,3,3,2,1,1,2,3,1,2,3,1,2,3,1,2,3,2,3,1,1,2,3,2,1,3,2,1,3,1,3,2,1,3,2,1,2,3,1,2,3,2,1,3,2,3,1,1,2,3,1,2,3,1,2,3,1,2,3,2,1,3,2,1,3,1,2,3,2,3,1,2,1,3,1,2,3,1,3,2,3,1,2,1,2,3,1,2,3,3,1,2,1,2,3,2,1,3,1,2,3,3,1,2,65a2d38eff22f2a8435654d4